formula,target
Ba1Sr7V8O24,29.7477073211
Ba2Ca6Fe8O24,171.608093341
Ba2Cd2Pr4Ni8O24,284.898189574
Ba2Gd6Fe8O24,70.9734215852
Ba2La6Co8O24,59.6349893815
Ba2La6Fe8O24,0.0
Ba2La6Ga8O24,94.5062097102
Ba2La6Mn8O24,43.3637207337
Ba2La6Ni8O24,162.308582145
Ba2La6Sc8O24,14.0944440539
Ba2La6Ti8O24,14.8100515625
Ba2Mg6Fe8O24,515.805330466
Ba2Nd6Fe8O24,132.814980798
Ba2Pr6Cr8O24,33.6549837917
Ba2Pr6Fe8O24,58.8853196728
Ba2Pr6Ga8O24,155.465078116
Ba2Pr6Mn8O24,51.3090163587
Ba2Pr6Ni8O24,162.89217552
Ba2Pr6Sc8O24,65.9849631789
Ba2Pr6Ti8O24,10.17451175
Ba2Pr6V8O24,18.9735033
Ba2Sn2Pr4Ni8O24,276.340268528
Ba2Sr6Co8O24,106.745758739
Ba2Sr6Fe4Co4O24,109.488955989
Ba2Sr6Fe4Ni4O24,183.271284153
Ba2Sr6Fe6Co2O24,105.722179614
Ba2Sr6Fe6Ni2O24,135.954460139
Ba2Sr6Fe7Co1O24,113.060643677
Ba2Sr6Fe8O24,89.5029614657
Ba2Sr6Mn1Fe7O24,102.775420338
Ba2Sr6Mn2Fe6O24,96.0360383765
Ba2Sr6Mn4Fe4O24,86.699751058
Ba2Sr6Mn8O24,113.886203609
Ba2Sr6Ni8O24,258.828050931
Ba2Sr6V8O24,42.1335069877
Ba2Y6Co8O24,113.483054382
Ba2Y6Cr8O24,101.755733
Ba2Y6Fe8O24,84.7289651789
Ba2Y6Ga8O24,184.387404762
Ba2Y6Mn8O24,91.1059876087
Ba2Y6Ni8O24,152.57088652
Ba2Y6Sc8O24,94.6025620331
Ba2Y6Ti8O24,66.501248625
Ba2Y6V8O24,33.004800495
Ba3Bi1Pr4Co8O24,109.033410819
Ba3Bi4La1Fe8O24,171.956702719
Ba3Cd1Pr4Ni8O24,257.075962699
Ba3Cd4La1Fe8O24,258.665309564
Ba3Sn4La1Fe8O24,285.948164375
Ba3Sr3La2Mn1Fe7O24,0.0
Ba4Ba4Mn2Fe6O24,271.906597528
Ba4Bi4Fe8O24,187.39104625
Ba4Bi4Zr7Fe1O24,138.892854722
Ba4Ca4Co6Ni2O24,247.684974918
Ba4Ca4Co7Ni1O24,212.756630817
Ba4Ca4Fe1Co7O24,187.894408571
Ba4Ca4Fe1Ni7O24,332.21213694
Ba4Ca4Fe2Ni6O24,317.356871449
Ba4Ca4Fe8O24,163.185749216
Ba4Ca4Mn1Ni7O24,349.605405068
Ba4Ca4Mn2Ni6O24,346.087907705
Ba4Ca4Mn4Ni4O24,313.722880645
Ba4Ca4Mn6Fe2O24,192.01041751
Ba4Ca4Mn6Ni2O24,234.968862002
Ba4Ca4Mn7Co1O24,206.610133579
Ba4Ca4Mn7Fe1O24,192.712755435
Ba4Ca4Mn7Ni1O24,213.33322768
Ba4Ca4Ni4Co4O24,330.939913121
Ba4Ca4Ni6Co2O24,364.707101324
Ba4Ca4Ni7Co1O24,354.737751878
Ba4Cd4Fe8O24,278.984665216
Ba4Cd4Hf1Zr6Fe1O24,98.580755152
Ba4Cd4Zr7Fe1O24,151.553671152
Ba4Ce4Mn8O24,119.114167692
Ba4Dy4Fe8O24,236.177315358
Ba4Dy4Mn8O24,137.408712525
Ba4Gd4Co8O24,130.59739217
Ba4Gd4Fe8O24,108.66685467
Ba4Gd4Mn8O24,105.693165317
Ba4Ho4Fe8O24,254.265050483
Ba4Ho4Mn8O24,144.194571525
Ba4La1Mn8Zn3O24,244.558933704
Ba4La1Zn3Co8O24,259.721126072
Ba4La1Zn3Ni8O24,0.0
Ba4La4Co8O24,117.650529858
Ba4La4Cr8O24,62.1679659375
Ba4La4Fe8O24,3.6081073456
Ba4La4Ga8O24,169.769380462
Ba4La4Ni8O24,210.808929074
Ba4La4Sc8O24,42.2958931079
Ba4La4Ti8O24,13.804608375
Ba4Mg4Fe8O24,408.488586216
Ba4Nd4Mn8O24,93.9602340253
Ba4Pr4Co8O24,113.901486608
Ba4Pr4Cr8O24,100.440194583
Ba4Pr4Fe8O24,78.1817223456
Ba4Pr4Ga8O24,234.8007094
Ba4Pr4Hf4Co4O24,99.7625282026
Ba4Pr4Hf4Fe4O24,0.0
Ba4Pr4Hf4Ni4O24,230.921904608
Ba4Pr4Hf6Co2O24,48.464530625
Ba4Pr4Hf7Co1O24,185.524542312
Ba4Pr4Hf7Ni1O24,229.064682937
Ba4Pr4Mn6Co2O24,86.5356568286
Ba4Pr4Mn6Cu2O24,132.109024281
Ba4Pr4Mn6Fe2O24,80.4591079773
Ba4Pr4Mn6Ni2O24,112.573845031
Ba4Pr4Mn8O24,53.5428595253
Ba4Pr4Nb4Co4O24,52.0286768333
Ba4Pr4Nb4Fe4O24,42.1689745
Ba4Pr4Nb4Ni4O24,134.5064424
Ba4Pr4Nb6Co2O24,251.36028695
Ba4Pr4Nb7Fe1O24,202.664553441
Ba4Pr4Ni8O24,214.364169074
Ba4Pr4Sc8O24,94.3019058579
Ba4Pr4Ta4Co4O24,39.9617942
Ba4Pr4Ta4Fe4O24,31.5202492
Ba4Pr4Ta4Ni4O24,139.345081333
Ba4Pr4Ta7Co1O24,280.87646981
Ba4Pr4Ta7Fe1O24,286.014919019
Ba4Pr4Ta7Ni1O24,299.692484775
Ba4Pr4Ti8O24,11.5904985
Ba4Pr4V8O24,57.144381475
Ba4Pr4Zr4Co4O24,77.8684422026
Ba4Pr4Zr4Fe4O24,126.7773445
Ba4Pr4Zr6Fe2O24,202.283948375
Ba4Pr4Zr6Ni2O24,128.448865625
Ba4Pr4Zr7Co1O24,165.778433187
Ba4Pr4Zr7Fe1O24,175.569397813
Ba4Pr4Zr7Ni1O24,211.476823813
Ba4Sm4Fe8O24,157.715585096
Ba4Sn4Hf1Zr6Fe1O24,85.2336429375
Ba4Sn4Zr7Fe1O24,137.126058937
Ba4Sr4Al1Fe7O24,127.825789025
Ba4Sr4Al6Fe2O24,206.158236245
Ba4Sr4Al8O24,212.302521091
Ba4Sr4Co4Ni4O24,223.624761037
Ba4Sr4Co6Ni2O24,182.220980966
Ba4Sr4Co8O24,122.316042763
Ba4Sr4Cu8O24,288.486562824
Ba4Sr4Fe1Co7O24,120.403529576
Ba4Sr4Fe1Ni7O24,242.96546494
Ba4Sr4Fe2Co6O24,123.754016388
Ba4Sr4Fe2Cu6O24,253.560445966
Ba4Sr4Fe2Ni6O24,228.169699449
Ba4Sr4Fe4Co4O24,126.798490013
Ba4Sr4Fe4Cu4O24,218.946397498
Ba4Sr4Fe4Ni4O24,184.901448591
Ba4Sr4Fe6Cu2O24,151.797440519
Ba4Sr4Fe7Co1O24,117.247059064
Ba4Sr4Ga2Fe6O24,145.197831669
Ba4Sr4Ga4Fe4O24,202.689679797
Ba4Sr4Ga6Fe2O24,251.771743647
Ba4Sr4Ga8O24,289.712977799
Ba4Sr4Mn1Co7O24,124.842572407
Ba4Sr4Mn1Fe7O24,97.9185800222
Ba4Sr4Mn1Ni7O24,251.703483068
Ba4Sr4Mn2Co6O24,134.599602052
Ba4Sr4Mn2Fe6O24,104.37297146
Ba4Sr4Mn4Co4O24,138.09122581
Ba4Sr4Mn4Ni4O24,199.57809553
Ba4Sr4Mn6Co2O24,165.109729704
Ba4Sr4Mn6Fe2O24,126.818170219
Ba4Sr4Mn6Ni2O24,180.035167907
Ba4Sr4Mn7Co1O24,162.784212621
Ba4Sr4Mn7Fe1O24,133.883367445
Ba4Sr4Mn8O24,137.791901025
Ba4Sr4Ni4Co4O24,227.717761037
Ba4Sr4Ni6Co2O24,283.042429324
Ba4Sr4Ni7Co1O24,272.871579878
Ba4Sr4Ni8O24,296.630230431
Ba4Sr4V8O24,66.9631063211
Ba4Sr4Zn1Fe7O24,119.774983252
Ba4Sr4Zn2Fe6O24,150.472708246
Ba4Sr4Zn4Fe4O24,219.402133514
Ba4Sr4Zn6Fe2O24,294.89317499
Ba4Sr4Zn8O24,377.502008598
Ba4Y4Cr8O24,160.8491605
Ba4Y4Ga8O24,267.854425525
Ba4Y4Ni8O24,190.870878449
Ba4Y4Sc8O24,126.616163691
Ba4Y4Ti8O24,70.04323975
Ba4Y4V8O24,71.75494749
Ba5Bi2La1Fe8O24,127.378189206
Ba5Cd2La1Fe8O24,166.187428867
Ba5Sn2La1Fe8O24,276.028720831
Ba6Bi1La1Fe8O24,93.4258071256
Ba6Bi2Zr7Fe1O24,0.202289180555
Ba6Ca2Fe8O24,118.303763453
Ba6Cd1La1Fe8O24,114.554644486
Ba6Cd2Hf1Zr6Fe1O24,0.0
Ba6Cd2Zr7Fe1O24,59.183823902
Ba6Ce2Fe8O24,120.214815608
Ba6Dy2Fe8O24,121.368421525
Ba6Gd2Fe8O24,98.5115661808
Ba6Hf2Mn6Zn2O24,219.470530781
Ba6Hf2Zn2Co6O24,245.647988608
Ba6Hf2Zn2Fe6O24,229.790128281
Ba6Hf2Zn2Ni6O24,396.883335407
Ba6Ho2Fe8O24,129.128414087
Ba6La2Fe4Co4O24,100.971120483
Ba6La2Fe8O24,60.3566925184
Ba6Mg2Fe8O24,236.664681953
Ba6Mn8Zn2O24,276.217368746
Ba6Nb2Zn2Co6O24,210.375206344
Ba6Nb2Zn2Fe6O24,214.185752358
Ba6Pr2Fe8O24,67.1398750184
Ba6Sm2Fe8O24,88.1149313934
Ba6Sn1La1Fe8O24,158.427043069
Ba6Sn2Fe8O24,283.906453358
Ba6Sn2Hf1Zr6Fe1O24,3.5098285625
Ba6Sn2Zr7Fe1O24,52.4822445625
Ba6Ta2Mn6Zn2O24,193.037892012
Ba6Ta2Zn2Co6O24,200.268881441
Ba6Ta2Zn2Fe6O24,182.129032917
Ba6Ti2Zn2Co6O24,222.927320658
Ba6Ti2Zn2Fe6O24,241.537702912
Ba6Ti2Zn2Ni6O24,388.395179407
Ba6Zn2Co8O24,249.549443408
Ba6Zn2Fe8O24,239.214774203
Ba6Zn2Ni8O24,407.147186056
Ba6Zr2Mn6Zn2O24,201.402112781
Ba6Zr2Zn2Co6O24,218.800570608
Ba6Zr2Zn2Fe6O24,296.501210281
Ba6Zr2Zn2Ni6O24,344.799275407
Ba7Bi1Fe8O24,100.949224712
Ba7Bi1Zr7Fe1O24,0.0
Ba7Cd1Fe8O24,126.886312072
Ba7Cd1Zr7Fe1O24,22.478400277
Ba7Ce1Fe8O24,87.3132966495
Ba7Dy1Fe8O24,95.1442246079
Ba7Gd1Fe8O24,83.920796936
Ba7Ho1Fe8O24,99.0662208891
Ba7La1Fe4Co4O24,111.442293772
Ba7La1Fe6Co2O24,97.0462161943
Ba7La1Fe8O24,66.0766101048
Ba7Mn8Zn1O24,202.092457302
Ba7Nd1Fe8O24,71.9005615423
Ba7Sm1Fe8O24,78.6712295423
Ba7Sn1Fe8O24,185.404210656
Ba7Sn1Hf1Zr6Fe1O24,0.0
Ba7Sn1Zr7Fe1O24,21.172087375
Ba7Sr1Mn1Fe7O24,87.7843631349
Ba7Sr1Mn2Fe6O24,93.6717096162
Ba7Zn1Fe8O24,150.371025947
Ba8Al1Fe7O24,113.135302229
Ba8Al2Fe6O24,136.316076767
Ba8Al4Fe4O24,175.379625843
Ba8Al6Fe2O24,201.81756512
Ba8Al8O24,227.491284799
Ba8Co6Ni2O24,191.113049013
Ba8Co7Ni1O24,159.117704912
Ba8Co8O24,124.54211081
Ba8Cr8O24,15.007828375
Ba8Cu8O24,274.349273966
Ba8Fe1Ni7O24,217.25282394
Ba8Fe2Co6O24,120.413788935
Ba8Fe2Cu6O24,237.521274841
Ba8Fe2Nb1Co5O24,122.31135567
Ba8Fe2Ni6O24,202.269808449
Ba8Fe4Co4O24,123.93596706
Ba8Fe4Ir4O24,0.0
Ba8Fe4Mo4O24,347.3831
Ba8Fe4Ni4O24,174.060277466
Ba8Fe4Os4O24,0.0
Ba8Fe4Pd4O24,41.601287871
Ba8Fe4Pt4O24,9.79676616949
Ba8Fe4Re4O24,0.678470999999
Ba8Fe4Rh4O24,7.48766193813
Ba8Fe4Ru4O24,0.0
Ba8Fe4Tc4O24,0.0
Ba8Fe6Co2O24,108.537383781
Ba8Fe6Cu2O24,134.180693408
Ba8Fe6Ni2O24,137.479652578
Ba8Fe6Os2O24,29.459108777
Ba8Fe6Pd2O24,69.2869613885
Ba8Fe6Pt2O24,49.3432856618
Ba8Fe6Re2O24,5.90096116518
Ba8Fe6Rh2O24,36.5282198147
Ba8Fe6Tc2O24,0.0
Ba8Fe7Cu1O24,103.801110549
Ba8Fe7Ir1O24,32.0094037039
Ba8Fe7Ni1O24,114.754340135
Ba8Fe7Os1O24,34.7342257044
Ba8Fe7Pd1O24,75.8782445399
Ba8Fe7Pt1O24,63.6890316765
Ba8Fe7Re1O24,30.403271269
Ba8Fe7Rh1O24,56.1529987529
Ba8Fe7Ru1O24,36.3631922476
Ba8Fe7Tc1O24,0.0
Ba8Fe8O24,77.2912776912
Ba8Ga2Fe6O24,128.364344873
Ba8Ga4Fe4O24,182.740912055
Ba8Ga6Fe2O24,238.334229236
Ba8Ga8O24,278.307781849
Ba8Hf1Fe7O24,73.4978297298
Ba8Hf2Fe6O24,71.4456317684
Ba8Hf2Zr5Fe1O24,0.0
Ba8Hf4Fe4O24,63.0457358456
Ba8Hf4Ni4O24,177.441803716
Ba8Hf4Zr3Fe1O24,1.1676399614
Ba8Hf6Co2O24,70.2166732026
Ba8Hf6Ni2O24,96.8586983579
Ba8Hf7Co1O24,45.7531836013
Ba8Hf7Fe1O24,23.5011419614
Ba8Hf7Ni1O24,51.8644461789
Ba8Hf8O24,8.216444
Ba8Ir8O24,163.297864937
Ba8Mn1Fe7O24,83.5686241725
Ba8Mn1Ni7O24,265.270592068
Ba8Mn2Co6O24,142.333953646
Ba8Mn2Fe6O24,90.6089706538
Ba8Mn2Zr1Fe5O24,0.0
Ba8Mn4Co4O24,155.663046482
Ba8Mn4Fe4O24,100.815663616
Ba8Mn4Ni4O24,215.604849978
Ba8Mn6Co2O24,179.412889318
Ba8Mn7Co1O24,168.517826662
Ba8Mn8O24,159.403545859
Ba8Mo8O24,643.729766
Ba8Nb1Fe7O24,69.4361417684
Ba8Nb2Fe6O24,57.3220058456
Ba8Nb4Co4O24,37.9332462026
Ba8Nb4Fe4O24,24.184234
Ba8Nb6Fe2O24,24.8926086667
Ba8Nb7Fe1O24,25.66391325
Ba8Nb7Ni1O24,74.7720530417
Ba8Ni4Co4O24,260.129737216
Ba8Ni6Co2O24,250.252038324
Ba8Ni7Co1O24,245.692438878
Ba8Ni8O24,271.319339431
Ba8Os8O24,92.4561079091
Ba8Pd8O24,90.406833621
Ba8Pt8O24,156.627930263
Ba8Re8O24,158.218632333
Ba8Rh8O24,114.525327049
Ba8Ru8O24,56.6738366667
Ba8Ta2Fe6O24,27.313536405
Ba8Ta4Co4O24,21.6105345
Ba8Ta4Fe4O24,0.0
Ba8Ta4Ni4O24,88.1834983579
Ba8Ta6Co2O24,58.9939170208
Ba8Ta6Fe2O24,121.571007147
Ba8Ta6Ni2O24,112.0035505
Ba8Ta7Co1O24,109.47390069
Ba8Ta7Fe1O24,76.6050637187
Ba8Ta7Ni1O24,127.239966608
Ba8Ta8O24,50.0993
Ba8Tc8O24,15.621525
Ba8Ti8O24,19.340972
Ba8V8O24,0.0
Ba8Y1Fe7O24,73.8023139057
Ba8Y2Fe6O24,63.1512971348
Ba8Y8O24,141.664751466
Ba8Zn1Fe7O24,101.797990325
Ba8Zn2Fe6O24,128.57645296
Ba8Zn4Fe4O24,197.421378228
Ba8Zn6Fe2O24,261.724803496
Ba8Zn8O24,357.160728765
Ba8Zr1Fe7O24,64.6627457298
Ba8Zr2Fe6O24,53.5777137684
Ba8Zr3Fe1Co4O24,74.586104069
Ba8Zr3Fe1Mo4O24,307.83053925
Ba8Zr3Fe1Ni4O24,140.134457153
Ba8Zr3Fe5O24,40.029931807
Ba8Zr3Ta4Fe1O24,29.91808225
Ba8Zr3Zn4Fe1O24,177.633032344
Ba8Zr4Fe4O24,26.8896498456
Ba8Zr4Ni4O24,139.599683716
Ba8Zr5Fe1Co2O24,56.4799568664
Ba8Zr5Fe1Cu2O24,78.0236106166
Ba8Zr5Fe1Mo2O24,130.86141575
Ba8Zr5Fe1Ni2O24,66.1459738193
Ba8Zr5Nb2Fe1O24,0.0
Ba8Zr5Ta2Fe1O24,0.0
Ba8Zr6Fe1Cu1O24,29.163207289
Ba8Zr6Fe1Mo1O24,53.828979
Ba8Zr6Fe1W1O24,80.30888725
Ba8Zr6Fe2O24,0.0
Ba8Zr6Nb1Fe1O24,0.0
Ba8Zr6Ni2O24,50.4901918579
Ba8Zr6Ta1Fe1O24,0.0
Ba8Zr6Zn1Fe1O24,31.129048557
Ba8Zr7Co1O24,0.0
Ba8Zr7Fe1O24,0.0
Ba8Zr7Ni1O24,0.0
Ba8Zr8O24,0.0
Bi1Ba3Sr4Fe2Co6O24,125.292207611
Bi2Ba2Sr4Fe2Co6O24,126.881898834
Bi4Sr4Fe2Co6O24,170.388617304
Ca2La6Co8O24,50.0254523342
Ca2La6Ga8O24,73.9741468307
Ca2La6Mn8O24,32.789930692
Ca2La6Ni8O24,178.001455145
Ca2La6Ti8O24,8.970625875
Ca2Pr6Cr8O24,13.8924376789
Ca2Pr6Fe8O24,55.4728596164
Ca2Pr6Ga8O24,132.773863413
Ca2Pr6Mn8O24,33.273366692
Ca2Pr6Ni8O24,169.71976527
Ca2Pr6Sc8O24,81.0394981789
Ca2Pr6V8O24,8.63070904687
Ca2Y6Co8O24,62.3247673342
Ca2Y6Fe8O24,45.6348093039
Ca2Y6Mn8O24,38.1925113587
Ca2Y6Ni8O24,123.849520145
Ca2Y6Ti8O24,17.0003038125
Ca2Y6V8O24,0.0
Ca4Ba4Co4Ni4O24,292.390663121
Ca4Ba4Co6Ni2O24,235.409224918
Ca4Ba4Co7Ni1O24,220.003380817
Ca4Ba4Fe1Co7O24,196.074158571
Ca4Ba4Fe1Ni7O24,323.82263694
Ca4Ba4Fe2Co6O24,186.026530427
Ca4Ba4Fe2Ni6O24,309.856621449
Ca4Ba4Mn1Co7O24,189.952208134
Ca4Ba4Mn1Ni7O24,340.437655068
Ca4Ba4Mn2Co6O24,189.824629552
Ca4Ba4Mn2Fe6O24,956.831955747
Ca4Ba4Mn2Ni6O24,318.399907705
Ca4Ba4Mn4Ni4O24,274.756630645
Ca4Ba4Mn6Fe2O24,178.58616751
Ca4Ba4Mn6Ni2O24,231.128112002
Ca4Ba4Mn7Fe1O24,190.075255435
Ca4Ba4Mn7Ni1O24,210.33572768
Ca4Ba4Ni6Co2O24,357.145351324
Ca4Ba4Ni7Co1O24,351.817501878
Ca4La4Co8O24,75.1559557631
Ca4La4Cr8O24,0.203972666664
Ca4La4Fe8O24,0.59343723286
Ca4La4Ga8O24,139.370003947
Ca4La4Mn8O24,38.146165692
Ca4La4Ni8O24,232.209208574
Ca4La4Sc8O24,87.3607131079
Ca4La4V8O24,21.88033825
Ca4Pr4Co8O24,73.1341625131
Ca4Pr4Cr8O24,51.4231023579
Ca4Pr4Fe8O24,72.0108022329
Ca4Pr4Ga8O24,204.099993472
Ca4Pr4Ni8O24,224.402165324
Ca4Pr4Sc8O24,141.373725858
Ca4Pr4Ti8O24,21.819592
Ca4Pr4V8O24,21.1232453125
Ca4Sr4Co7Ni1O24,179.65931277
Ca4Sr4Fe2Co6O24,142.826192293
Ca4Sr4Fe2Ni6O24,295.582042574
Ca4Sr4Mn1Co7O24,144.154498313
Ca4Sr4Mn1Ni7O24,347.29590062
Ca4Sr4Mn2Co6O24,150.042027957
Ca4Sr4Mn4Co4O24,138.575931764
Ca4Sr4Mn6Co2O24,139.231351323
Ca4Sr4Mn6Ni2O24,184.330789526
Ca4Sr4Mn7Co1O24,151.898311103
Ca4Sr4Mn7Fe1O24,132.392432958
Ca4Sr4Mn7Ni1O24,158.413405204
Ca4Sr4Ni6Co2O24,312.115625145
Ca4Sr4Ni7Co1O24,324.945084288
Ca4Y4Co8O24,93.7906657631
Ca4Y4Cr8O24,63.9648556079
Ca4Y4Ga8O24,207.75718308
Ca4Y4Mn8O24,39.1108878587
Ca4Y4Ni8O24,166.347668574
Ca4Y4Sc8O24,142.323884358
Ca4Y4Ti8O24,0.0
Ca4Y4V8O24,0.0
Ca8Co4Ni4O24,286.026589026
Ca8Cr8O24,0.0
Ca8Fe1Co7O24,189.093084477
Ca8Fe1Ni7O24,367.138367404
Ca8Fe4Co4O24,183.151200043
Ca8Fe4Ni4O24,291.099073324
Ca8Fe6Co2O24,185.661693755
Ca8Fe6Ni2O24,237.583378832
Ca8Fe7Co1O24,184.59131561
Ca8Fe7Ni1O24,208.035658149
Ca8Fe8O24,183.350687466
Ca8Mn1Co7O24,132.871922401
Ca8Mn1Fe7O24,185.05127539
Ca8Mn1Ni7O24,366.50308111
Ca8Mn2Ni6O24,336.224696788
Ca8Mn4Co4O24,168.86730174
Ca8Mn4Fe4O24,156.027039162
Ca8Mn4Ni4O24,276.006928145
Ca8Mn6Co2O24,165.118221299
Ca8Mn6Fe2O24,158.03796501
Ca8Mn6Ni2O24,213.314659502
Ca8Mn7Fe1O24,157.972802935
Ca8Mn7Ni1O24,186.40027518
Ca8Mn8O24,164.660390859
Ca8Ni4Co4O24,287.661839026
Ca8Ni6Co2O24,361.579777229
Ca8Ni7Co1O24,378.45337133
Ca8Ni8O24,397.239965431
Ca8Ti8O24,12.44807725
Ca8V8O24,0.0
Cd4Pr4Ni8O24,298.368831324
Dy2Y6Co8O24,49.2192869886
Dy2Y6Cr8O24,21.353923875
Dy2Y6Ga8O24,75.6574945
Dy2Y6Mn8O24,45.499570942
Dy2Y6Ni8O24,86.115789799
Dy2Y6Sc8O24,34.8683784583
Dy2Y6Ti8O24,45.407611625
Dy2Y6V8O24,0.0
Dy4Y4Cr8O24,28.48129225
Dy4Y4Fe8O24,34.10036925
Dy4Y4Ga8O24,81.726855
Dy4Y4Mn8O24,52.1415070253
Dy4Y4Ni8O24,84.2613186157
Dy4Y4Sc8O24,41.137907275
Dy4Y4Ti8O24,51.90442725
Dy4Y4V8O24,0.0
Dy8Fe8O24,390.4260105
Gd2Y6Co8O24,0.0
Gd2Y6Cr8O24,0.0
Gd2Y6Ga8O24,72.650127375
Gd2Y6Mn8O24,0.0
Gd2Y6Ni8O24,0.0
Gd2Y6Sc8O24,28.0724115312
Gd2Y6Ti8O24,38.778547375
Gd2Y6V8O24,0.0
Gd4Y4Co8O24,0.0
Gd4Y4Cr8O24,0.0
Gd4Y4Mn8O24,0.0
Gd4Y4Ni8O24,0.0
Gd4Y4Sc8O24,27.2516126875
Gd4Y4V8O24,0.0
Gd8Fe8O24,293.7439885
Ho8Fe8O24,417.7519315
La1Pr4Zn3Fe8O24,171.679717581
La1Pr4Zn3Ni8O24,0.0
La1Y4Mn8Zn3O24,121.204438234
La1Y4Zn3Co8O24,168.464956314
La2Sr6Cr2Fe6O24,89.81673775
La4Ba4Co4Ni4O24,192.284656263
La4Ba4Co6Ni2O24,150.67246806
La4Ba4Co7Ni1O24,124.314123959
La4Ba4Fe1Co7O24,114.40771587
La4Ba4Fe1Ni7O24,206.364163582
La4Ba4Fe2Co6O24,114.507151882
La4Ba4Mn1Co7O24,111.920470781
La4Ba4Mn1Ni7O24,213.49368171
La4Ba4Mn2Co6O24,114.498161703
La4Ba4Mn2Fe6O24,845.337300308
La4Ba4Mn2Ni6O24,201.32142318
La4Ba4Mn4Ni4O24,154.419623787
La4Ba4Mn6Co2O24,123.246629227
La4Ba4Mn6Fe2O24,83.0462436023
La4Ba4Mn6Ni2O24,118.248559781
La4Ba4Mn7Co1O24,98.1125625013
La4Ba4Mn7Fe1O24,87.0459946888
La4Ba4Mn7Ni1O24,103.165152778
La4Ba4Ni4Co4O24,177.346156263
La4Ba4Ni7Co1O24,236.33802852
La4Ca4Co4Ni4O24,177.317832168
La4Ca4Co6Ni2O24,151.356143966
La4Ca4Fe1Co7O24,101.887891775
La4Ca4Fe2Co6O24,111.026327787
La4Ca4Fe2Ni6O24,230.917642395
La4Ca4Mn2Co6O24,110.209087608
La4Ca4Mn2Ni6O24,218.137284733
La4Ca4Mn4Co4O24,91.2847571679
La4Ca4Mn6Co2O24,100.117426727
La4Ca4Mn6Fe2O24,94.837602144
La4Ca4Mn6Ni2O24,116.278718092
La4Ca4Mn7Co1O24,96.9267962097
La4Ca4Mn7Fe1O24,94.433508918
La4Ca4Mn7Ni1O24,102.79458377
La4Ca4Ni4Co4O24,179.999332168
La4Ca4Ni6Co2O24,238.522270371
La4Ca4Ni7Co1O24,253.019864472
La4Dy4Co8O24,70.8357719052
La4Dy4Cr8O24,0.0
La4Dy4Fe8O24,0.0
La4Dy4Ga8O24,32.0782685125
La4Dy4Ni8O24,181.910774716
La4Dy4Sc8O24,0.0
La4Dy4Ti8O24,60.680276625
La4Dy4V8O24,45.433214
La4Gd4Co8O24,0.0
La4Gd4Cr8O24,0.0
La4Gd4Ga8O24,89.2356505937
La4Gd4Mn8O24,0.0
La4Gd4Sc8O24,29.653255
La4Gd4Ti8O24,34.149398125
La4Ho4Fe8O24,0.0
La4Ho4Ga8O24,33.56831065
La4Ho4Mn8O24,65.031271442
La4Ho4Ni8O24,189.644509841
La4Ho4Sc8O24,0.992490624999
La4Nd4Cr8O24,0.0
La4Nd4Ga8O24,15.4429064062
La4Nd4Mn8O24,40.835433942
La4Nd4Ni8O24,133.559658341
La4Nd4Sc8O24,0.0
La4Nd4Ti8O24,40.797316625
La4Sm4Co8O24,59.0546828427
La4Sm4Cr8O24,0.0
La4Sm4Fe8O24,0.0
La4Sm4Ga8O24,22.3715508958
La4Sm4Mn8O24,44.850516692
La4Sm4Ni8O24,150.508185653
La4Sm4Sc8O24,0.0
La4Sm4Ti8O24,50.8263675
La4Sm4V8O24,13.39023875
La4Sr4Co4Ni4O24,136.443088216
La4Sr4Fe1Ni7O24,191.404536145
La4Sr4Fe2Co6O24,78.9063338342
La4Sr4Fe2Ni6O24,173.746535716
La4Sr4Mn1Co7O24,68.4009027332
La4Sr4Mn1Ni7O24,204.554893762
La4Sr4Mn4Co4O24,54.6384029447
La4Sr4Mn6Co2O24,59.5241562349
La4Sr4Mn6Fe2O24,45.293214144
La4Sr4Mn6Ni2O24,83.1507295945
La4Sr4Mn7Fe1O24,53.128244668
La4Sr4Mn7Ni1O24,69.2085003268
La4Sr4Ni6Co2O24,178.519868287
La4Sr4Ni7Co1O24,193.51782743
La5Mn8Zn3O24,145.936465692
La5Sr3Fe6Co2O24,47.0862504559
La5Zn3Co8O24,181.659746314
La5Zn3Fe8O24,176.193352581
La5Zn3Ni8O24,304.216097984
La6Dy2Co8O24,59.5521104052
La6Dy2Fe8O24,0.0
La6Dy2Ga8O24,25.3695907381
La6Dy2Mn8O24,53.842554067
La6Dy2Ni8O24,157.374363216
La6Dy2Ti8O24,52.6296356875
La6Dy2V8O24,44.856381
La6Gd2Co8O24,0.0
La6Gd2Cr8O24,0.0
La6Gd2Ga8O24,85.9609736131
La6Gd2Mn8O24,0.0
La6Gd2Ni8O24,0.0
La6Gd2Sc8O24,30.22875
La6Gd2Ti8O24,34.5198214375
La6Gd2V8O24,0.0
La6Hf2Mn6Zn2O24,129.676557394
La6Hf2Zn2Co6O24,146.594935546
La6Hf2Zn2Fe6O24,156.51523
La6Hf2Zn2Ni6O24,214.252915662
La6Ho2Fe8O24,0.0
La6Ho2Ga8O24,26.8282538631
La6Ho2Mn8O24,56.751733567
La6Ho2Ni8O24,161.615855778
La6Ho2V8O24,47.619279875
La6Mn6Nb2Zn2O24,106.566685144
La6Nb2Zn2Co6O24,143.14427
La6Nb2Zn2Fe6O24,110.462825
La6Nb2Zn2Ni6O24,185.182334608
La6Nd2Co8O24,33.9191772177
La6Nd2Cr8O24,0.0
La6Nd2Fe8O24,0.0
La6Nd2Ga8O24,12.6328149464
La6Nd2Mn8O24,40.254439817
La6Nd2Ni8O24,131.304680028
La6Nd2Sc8O24,0.0
La6Nd2V8O24,35.46209575
La6Sm2Co8O24,43.192815874
La6Sm2Fe8O24,0.0
La6Sm2Ga8O24,17.3373103214
La6Sm2Mn8O24,43.488231192
La6Sm2Ni8O24,140.198318684
La6Sm2Sc8O24,0.0
La6Sm2Ti8O24,42.324806125
La6Sm2V8O24,26.169518375
La6Ta2Zn2Co6O24,140.87646025
La6Ti2Mn6Zn2O24,95.946943894
La6Ti2Zn2Fe6O24,99.671795625
La6Ti2Zn2Ni6O24,202.290968412
La6Zn2Co8O24,121.202058532
La6Zn2Fe8O24,120.565464054
La6Zr2Zn2Co6O24,114.194239296
La6Zr2Zn2Fe6O24,120.15628375
La6Zr2Zn2Ni6O24,200.047469412
La7Mn8Zn1O24,64.766785692
La7Zn1Fe8O24,79.884325527
La7Zn1Ni8O24,188.139583805
La8Co1Ni7O24,108.979857614
La8Co2Ni6O24,86.4067635131
La8Co4Ni4O24,55.7153253105
La8Co6Ni2O24,47.0181371079
La8Co7Ni1O24,48.9115430065
La8Co8O24,25.8389489052
La8Cr1Co7O24,34.4706557296
La8Cr1Fe7O24,0.0
La8Cr1Ga7O24,1.747132
La8Cr1Ni7O24,114.247314439
La8Cr2Co6O24,60.1231125539
La8Cr2Fe6O24,19.901478625
La8Cr2Ga6O24,0.0
La8Cr2Ni6O24,95.7636771618
La8Cr4Co4O24,0.0
La8Cr4Fe4O24,0.0
La8Cr4Ni4O24,0.0
La8Cr6Co2O24,0.0
La8Cr6Fe2O24,0.0
La8Cr6Ni2O24,0.0
La8Cr7Co1O24,0.0
La8Cr7Fe1O24,0.0
La8Cr7Ni1O24,0.0
La8Cr8O24,0.0
La8Fe1Co7O24,40.9146349171
La8Fe1Ni7O24,115.200293626
La8Fe2Co6O24,39.3315709289
La8Fe2Ni6O24,102.514385537
La8Fe4Co4O24,1.92094295262
La8Fe4Ni4O24,0.0
La8Fe6Ni2O24,0.0
La8Fe7Co1O24,0.0
La8Fe8O24,0.0
La8Ga4Fe4O24,0.0
La8Ga4Ni4O24,67.0851014829
La8Ga6Co2O24,16.5750555745
La8Ga6Fe2O24,0.0
La8Ga6Ni2O24,40.6187326789
La8Ga7Co1O24,11.847970823
La8Ga7Fe1O24,0.0
La8Ga7Ni1O24,25.1748038261
La8Ga8O24,6.37138607143
La8Mg1Co7O24,0.0
La8Mg1Cr7O24,0.0
La8Mg1Ga7O24,34.9408400761
La8Mg1Mn7O24,0.0
La8Mg1Ni7O24,0.0
La8Mg1Sc7O24,5.05625633946
La8Mg1Ti7O24,25.722252
La8Mg1V7O24,0.0
La8Mg2Co6O24,0.0
La8Mg2Cr6O24,0.0
La8Mg2Ga6O24,60.3605981789
La8Mg2Mn6O24,0.0
La8Mg2Ni6O24,0.0
La8Mg2Sc6O24,34.3690176789
La8Mg2Ti6O24,24.13350925
La8Mg2V6O24,0.0
La8Mg4Co4O24,0.0
La8Mg4Cr4O24,0.0
La8Mg4Fe4O24,0.0
La8Mg4Ga4O24,108.224668483
La8Mg4Mn4O24,0.0
La8Mg4Ni4O24,0.0
La8Mg4Sc4O24,89.9135403579
La8Mg4Ti4O24,22.18427375
La8Mg4V4O24,0.0
La8Mn1Cr7O24,0.0
La8Mn1Fe7O24,0.0
La8Mn1Ga7O24,33.436112274
La8Mn1Ni7O24,100.457044713
La8Mn1V7O24,86.889654024
La8Mn2Co6O24,29.9490807506
La8Mn2Cr6O24,0.0
La8Mn2Fe6O24,27.030439173
La8Mn2Ga6O24,7.74558847657
La8Mn2Ni6O24,69.2693877098
La8Mn2V6O24,36.179510048
La8Mn4Co4O24,26.702212596
La8Mn4Cr4O24,0.0
La8Mn4Fe4O24,0.0
La8Mn4Ga4O24,0.0
La8Mn4Ni4O24,0.442073703859
La8Mn4V4O24,73.395222096
La8Mn6Fe2O24,43.995693519
La8Mn6Ni2O24,19.2047596979
La8Mn7Co1O24,36.507512418
La8Mn7Cr1O24,43.125215418
La8Mn8O24,39.226445692
La8Ni8O24,128.935951716
La8Sc4Co4O24,0.0
La8Sc4Cr4O24,0.0
La8Sc4Fe4O24,0.0
La8Sc4Mn4O24,0.0
La8Sc6Co2O24,0.0
La8Sc6Cr2O24,0.0
La8Sc6Fe2O24,0.0
La8Sc6Ni2O24,16.2043591789
La8Sc7Co1O24,0.0
La8Sc7Cr1O24,0.0
La8Sc7Mn1O24,9.5235200865
La8Sc8O24,0.0
La8Ti4Co4O24,23.94141725
La8Ti4Fe4O24,28.81237225
La8Ti4Mn4O24,37.348833846
La8Ti6Co2O24,141.470543625
La8Ti6Cr2O24,117.125778375
La8Ti6Fe2O24,118.542972875
La8Ti6Ni2O24,208.989074875
La8Ti7Cr1O24,74.7468692031
La8Ti7Mn1O24,65.3557068672
La8Ti7Ni1O24,122.038739417
La8Ti8O24,30.17024475
La8V4Co4O24,31.378064
La8V4Fe4O24,28.2257425
La8V4Ni4O24,104.542615
La8V6Co2O24,61.213702625
La8V6Fe2O24,35.15839525
La8V6Ni2O24,117.714483875
La8V7Co1O24,57.4995003125
La8V7Cr1O24,36.6852424375
La8V7Ni1O24,73.0016409375
La8V8O24,36.257048
Nd2Y6Co8O24,54.1514922177
Nd2Y6Cr8O24,26.35395975
Nd2Y6Fe8O24,31.763370625
Nd2Y6Ga8O24,76.8437187083
Nd2Y6Mn8O24,43.821956692
Nd2Y6Ni8O24,82.6202450282
Nd2Y6Sc8O24,31.5042600312
Nd2Y6V8O24,0.0
Nd4Y4Co8O24,45.4043655302
Nd4Y4Cr8O24,33.885364
Nd4Y4Fe8O24,38.65176325
Nd4Y4Ga8O24,79.0798034167
Nd4Y4Mn8O24,45.0377785253
Nd4Y4Ni8O24,73.3023683407
Nd4Y4Sc8O24,30.7458096875
Nd4Y4Ti8O24,46.69821725
Nd4Y4V8O24,0.0
Pr4Ba4Co4Ni4O24,169.625113013
Pr4Ba4Co6Ni2O24,163.79917481
Pr4Ba4Co7Ni1O24,139.013580709
Pr4Ba4Fe1Ni7O24,221.055903582
Pr4Ba4Fe2Co6O24,130.347187757
Pr4Ba4Fe2Ni6O24,204.046571341
Pr4Ba4Mn1Ni7O24,227.87867171
Pr4Ba4Mn2Co6O24,122.772579444
Pr4Ba4Mn2Fe6O24,857.231665308
Pr4Ba4Mn2Ni6O24,232.699818764
Pr4Ba4Mn6Co2O24,122.677656829
Pr4Ba4Mn6Fe2O24,101.768107977
Pr4Ba4Mn6Ni2O24,135.390845031
Pr4Ba4Mn7Co1O24,100.864883177
Pr4Ba4Mn7Fe1O24,106.220358751
Pr4Ba4Mn7Ni1O24,121.428977278
Pr4Ba4Ni4Co4O24,191.512363013
Pr4Ba4Ni6Co2O24,262.896301216
Pr4Ba4Ni7Co1O24,250.57926852
Pr4Ca4Co4Ni4O24,184.516538918
Pr4Ca4Co6Ni2O24,161.293350716
Pr4Ca4Co7Ni1O24,135.164756614
Pr4Ca4Fe1Co7O24,59.8511380874
Pr4Ca4Fe1Ni7O24,258.640046797
Pr4Ca4Fe2Co6O24,129.319113662
Pr4Ca4Fe2Ni6O24,238.98817827
Pr4Ca4Mn1Co7O24,70.822087223
Pr4Ca4Mn2Co6O24,96.9915119328
Pr4Ca4Mn2Ni6O24,223.307826541
Pr4Ca4Mn4Co4O24,88.4773613525
Pr4Ca4Mn4Ni4O24,160.233987758
Pr4Ca4Mn6Co2O24,98.3944607723
Pr4Ca4Mn6Ni2O24,121.127398975
Pr4Ca4Mn7Co1O24,103.456135482
Pr4Ca4Mn7Fe1O24,100.763646126
Pr4Ca4Mn7Ni1O24,108.425979583
Pr4Ca4Ni4Co4O24,186.717788918
Pr4Ca4Ni6Co2O24,245.488977121
Pr4Ca4Ni7Co1O24,259.216571222
Pr4Dy4Co8O24,50.8392286552
Pr4Dy4Cr8O24,9.106651
Pr4Dy4Ga8O24,90.00434745
Pr4Dy4Ni8O24,150.562981466
Pr4Dy4Ti8O24,95.226843375
Pr4Dy4V8O24,6.8901275625
Pr4Gd4Co8O24,0.0
Pr4Gd4Cr8O24,0.0
Pr4Gd4Fe8O24,0.0
Pr4Gd4Ga8O24,78.3502295312
Pr4Gd4Mn8O24,0.0
Pr4Gd4Ni8O24,0.0
Pr4Gd4Sc8O24,26.50926775
Pr4Gd4Ti8O24,55.0100621875
Pr4Gd4V8O24,0.0
Pr4Ho4Co8O24,57.3822137802
Pr4Ho4Cr8O24,10.51108275
Pr4Ho4Mn8O24,60.862885192
Pr4Ho4Ni8O24,154.697466591
Pr4Ho4Ti8O24,103.2663285
Pr4Ho4V8O24,7.0559253125
Pr4Nd4Co8O24,25.3031122802
Pr4Nd4Fe8O24,44.92360775
Pr4Nd4Ga8O24,74.5637353438
Pr4Nd4Mn8O24,39.693297692
Pr4Nd4Ni8O24,124.729865091
Pr4Nd4Sc8O24,25.08521475
Pr4Nd4Ti8O24,54.8277306875
Pr4Nd4V8O24,23.2118070625
Pr4Sm4Co8O24,35.0768895927
Pr4Sm4Cr8O24,0.0
Pr4Sm4Fe8O24,48.18377975
Pr4Sm4Ga8O24,82.9266298333
Pr4Sm4Mn8O24,42.815880442
Pr4Sm4Ni8O24,134.671642403
Pr4Sm4Sc8O24,28.58352225
Pr4Sm4V8O24,9.3649023125
Pr4Sr4Co6Ni2O24,118.314106763
Pr4Sr4Co7Ni1O24,89.5472626618
Pr4Sr4Fe1Ni7O24,200.760492895
Pr4Sr4Fe2Co6O24,84.9348697092
Pr4Sr4Fe2Ni6O24,183.572992466
Pr4Sr4Mn1Co7O24,79.9859482049
Pr4Sr4Mn4Co4O24,54.158767202
Pr4Sr4Mn6Co2O24,64.5557198987
Pr4Sr4Mn6Ni2O24,86.8301581013
Pr4Sr4Mn7Co1O24,64.0241718081
Pr4Sr4Mn7Fe1O24,61.576363168
Pr4Sr4Mn7Ni1O24,72.8852659094
Pr4Sr4Ni6Co2O24,184.420825037
Pr6Dy2Co8O24,48.0411705302
Pr6Dy2Cr8O24,0.0
Pr6Dy2Fe8O24,51.238815375
Pr6Dy2Ga8O24,75.4658120833
Pr6Dy2Mn8O24,50.708099692
Pr6Dy2Sc8O24,36.1816244687
Pr6Dy2V8O24,0.0
Pr6Gd2Co8O24,0.0
Pr6Gd2Cr8O24,0.0
Pr6Gd2Fe8O24,0.0
Pr6Gd2Ga8O24,67.7439449583
Pr6Gd2Mn8O24,0.0
Pr6Gd2Ni8O24,0.0
Pr6Gd2Sc8O24,26.491269125
Pr6Gd2Ti8O24,42.3440435938
Pr6Hf2Mn6Zn2O24,97.753715269
Pr6Hf2Zn2Co6O24,113.270941671
Pr6Hf2Zn2Ni6O24,181.755921787
Pr6Ho2Co8O24,47.4586630927
Pr6Ho2Fe8O24,52.565170625
Pr6Ho2Ni8O24,141.471165903
Pr6Ho2Ti8O24,71.1848256875
Pr6Ho2V8O24,0.0
Pr6Mn6Nb2Zn2O24,101.679243394
Pr6Mn8Zn2O24,99.387515567
Pr6Nb2Zn2Co6O24,149.58971125
Pr6Nb2Zn2Ni6O24,170.112525858
Pr6Nd2Co8O24,25.0244873427
Pr6Nd2Cr8O24,0.0
Pr6Nd2Fe8O24,44.848887375
Pr6Nd2Ga8O24,64.5192862917
Pr6Nd2Mn8O24,39.542985442
Pr6Nd2Sc8O24,24.413617625
Pr6Nd2Ti8O24,44.0103778437
Pr6Nd2V8O24,3.69821609375
Pr6Sm2Co8O24,47.801375999
Pr6Sm2Cr8O24,0.0
Pr6Sm2Fe8O24,47.141973375
Pr6Sm2Ga8O24,69.4770316667
Pr6Sm2Ni8O24,128.386128809
Pr6Sm2Sc8O24,26.749646375
Pr6Sm2V8O24,0.0
Pr6Ta2Mn6Zn2O24,88.069685269
Pr6Ta2Zn2Co6O24,121.012896
Pr6Ta2Zn2Fe6O24,177.346326375
Pr6Ta2Zn2Ni6O24,171.809960608
Pr6Ti2Mn6Zn2O24,89.1149867065
Pr6Ti2Zn2Co6O24,102.665207858
Pr6Ti2Zn2Ni6O24,181.776187974
Pr6Zn2Co8O24,111.989368657
Pr6Zn2Fe8O24,117.557011554
Pr6Zn2Ni8O24,233.37177602
Pr6Zr2Mn6Zn2O24,89.464121769
Pr6Zr2Zn2Co6O24,123.826342921
Pr6Zr2Zn2Fe6O24,130.710795625
Pr6Zr2Zn2Ni6O24,188.725323037
Pr7Mn8Zn1O24,67.3902193795
Pr7Zn1Co8O24,71.5466155309
Pr7Zn1Fe8O24,77.590214277
Pr7Zn1Ni8O24,178.590945618
Pr8Co1Ni7O24,102.151271114
Pr8Co2Ni6O24,81.5909270131
Pr8Co4Ni4O24,95.3324888105
Pr8Co6Ni2O24,28.0575506079
Pr8Co7Ni1O24,32.9759565065
Pr8Co8O24,22.4196124052
Pr8Cr1Co7O24,22.3740347177
Pr8Cr1Fe7O24,30.80780525
Pr8Cr1Ga7O24,44.2032278125
Pr8Cr1Ni7O24,94.6538849388
Pr8Cr2Fe6O24,17.0719435
Pr8Cr2Ga6O24,38.123014625
Pr8Cr2Ni6O24,83.0269046618
Pr8Cr4Co4O24,13.1808016552
Pr8Cr4Fe4O24,0.0
Pr8Cr4Ga4O24,26.27533825
Pr8Cr4Ni4O24,18.4401941079
Pr8Cr6Co2O24,0.0
Pr8Cr6Ni2O24,0.0
Pr8Cr7Co1O24,0.0
Pr8Cr7Fe1O24,0.0
Pr8Cr7Ni1O24,0.0
Pr8Cr8O24,0.0
Pr8Fe1Co7O24,42.2355879796
Pr8Fe1Ni7O24,106.701246689
Pr8Fe2Co6O24,36.1695635539
Pr8Fe4Ni4O24,69.8113911079
Pr8Fe6Co2O24,47.9204658513
Pr8Fe6Ni2O24,54.0734040539
Pr8Fe7Ni1O24,47.545535527
Pr8Fe8O24,44.549417
Pr8Ga4Co4O24,66.6463829526
Pr8Ga6Co2O24,60.6316355776
Pr8Ga6Fe2O24,43.1541225
Pr8Ga7Co1O24,56.5407125895
Pr8Ga7Fe1O24,46.33040675
Pr8Ga8O24,50.298441
Pr8Mg1Cr7O24,0.0
Pr8Mg1Fe7O24,0.0
Pr8Mg1Ga7O24,82.6646597145
Pr8Mg1Mn7O24,0.0
Pr8Mg1Ni7O24,0.0
Pr8Mg1Sc7O24,51.7559553395
Pr8Mg1Ti7O24,17.7187702813
Pr8Mg1V7O24,0.0
Pr8Mg2Co6O24,0.0
Pr8Mg2Cr6O24,0.0
Pr8Mg2Fe6O24,0.0
Pr8Mg2Ga6O24,110.052006054
Pr8Mg2Mn6O24,0.0
Pr8Mg2Ni6O24,0.0
Pr8Mg2Sc6O24,82.2953901789
Pr8Mg2Ti6O24,0.0
Pr8Mg2V6O24,0.0
Pr8Mg4Co4O24,0.0
Pr8Mg4Cr4O24,0.0
Pr8Mg4Ga4O24,157.158326358
Pr8Mg4Mn4O24,0.0
Pr8Mg4Ni4O24,0.0
Pr8Mg4Sc4O24,140.515009858
Pr8Mg4Ti4O24,5.435506125
Pr8Mg4V4O24,0.0
Pr8Mn1Co7O24,26.2303387536
Pr8Mn1Cr7O24,0.0
Pr8Mn1Fe7O24,48.100167774
Pr8Mn1Ga7O24,54.666157524
Pr8Mn1Ni7O24,91.3449974628
Pr8Mn1V7O24,7.56564178181
Pr8Mn2Cr6O24,0.0
Pr8Mn2Fe6O24,50.948668548
Pr8Mn2V6O24,35.6929084386
Pr8Mn4Co4O24,0.0
Pr8Mn4Cr4O24,21.517473096
Pr8Mn4Fe4O24,52.054920096
Pr8Mn4Ga4O24,58.332307096
Pr8Mn4Ni4O24,0.0
Pr8Mn6Co2O24,45.2879704953
Pr8Mn6Cr2O24,31.351448144
Pr8Mn6Fe2O24,44.324421644
Pr8Mn7Co1O24,41.2956968437
Pr8Mn7Cr1O24,34.251060668
Pr8Mn7Fe1O24,40.760422418
Pr8Mn7Ni1O24,65.031540945
Pr8Ni8O24,120.596615216
Pr8Sc4Co4O24,42.9040664526
Pr8Sc4Cr4O24,0.0
Pr8Sc4Fe4O24,28.72421875
Pr8Sc4Mn4O24,51.950721846
Pr8Sc6Co2O24,36.3567934763
Pr8Sc6Cr2O24,10.352771125
Pr8Sc6Fe2O24,27.595994625
Pr8Sc6Mn2O24,42.749246173
Pr8Sc6Ni2O24,71.6777316789
Pr8Sc7Co1O24,31.1645319882
Pr8Sc7Cr1O24,17.6733958125
Pr8Sc7Fe1O24,25.7130075625
Pr8Sc7Ni1O24,47.2433760895
Pr8Ti4Cr4O24,49.4252902917
Pr8Ti4Fe4O24,19.808604625
Pr8Ti4Mn4O24,35.728066221
Pr8Ti6Co2O24,137.881939187
Pr8Ti6Cr2O24,95.4966739375
Pr8Ti6Mn2O24,80.6894183685
Pr8Ti6Ni2O24,178.137720437
Pr8Ti7Co1O24,94.0584551875
Pr8Ti7Fe1O24,85.8908576875
Pr8Ti7Mn1O24,68.9092871406
Pr8Ti8O24,32.611025
Pr8V4Co4O24,69.00741775
Pr8V4Cr4O24,0.0
Pr8V4Fe4O24,26.1974495
Pr8V4Ni4O24,103.74396875
Pr8V6Co2O24,54.0607889219
Pr8V6Cr2O24,0.0
Pr8V6Fe2O24,5.20671817187
Pr8V6Ni2O24,73.7535701719
Pr8V7Fe1O24,0.0
Pr8V7Ni1O24,44.5467226484
Pr8V8O24,0.0
Sm2Y6Co8O24,53.285630874
Sm2Y6Cr8O24,9.31924846875
Sm2Y6Fe8O24,29.915706625
Sm2Y6Ga8O24,77.2377140833
Sm2Y6Mn8O24,42.385498067
Sm2Y6Ni8O24,82.5826336845
Sm2Y6Sc8O24,30.5960387812
Sm2Y6Ti8O24,45.3272820625
Sm2Y6V8O24,0.0
Sm4Y4Co8O24,49.4793928427
Sm4Y4Cr8O24,2.5504414375
Sm4Y4Fe8O24,37.78468525
Sm4Y4Ga8O24,82.9015441667
Sm4Y4Mn8O24,44.4093612753
Sm4Y4Sc8O24,31.2618671875
Sm4Y4Ti8O24,50.027518125
Sm8Fe8O24,272.8043925
Sn4Pr4Ni8O24,232.454010858
Sr2La6Co8O24,33.1384553579
Sr2La6Cr8O24,0.0
Sr2La6Fe8O24,0.0
Sr2La6Ga8O24,75.3897667571
Sr2La6Mn8O24,32.1439513587
Sr2La6Ni8O24,155.792869145
Sr2La6Sc8O24,11.9314874914
Sr2La6Ti8O24,7.37896698611
Sr2La6V8O24,29.1224504136
Sr2Pr6Co8O24,38.1465154829
Sr2Pr6Cr8O24,12.1655324167
Sr2Pr6Fe8O24,48.3755925539
Sr2Pr6Mn8O24,28.249643567
Sr2Pr6Ni8O24,152.42942927
Sr2Pr6Sc8O24,63.3172566164
Sr2Pr6Ti8O24,0.0
Sr2Pr6V8O24,0.0
Sr2Y6Co8O24,72.6725203579
Sr2Y6Cr8O24,61.119531625
Sr2Y6Fe8O24,49.2018258039
Sr2Y6Ga8O24,152.154945491
Sr2Y6Mn8O24,48.240040192
Sr2Y6Ni8O24,123.233184145
Sr2Y6Sc8O24,80.1722752414
Sr2Y6Ti8O24,33.46241925
Sr2Y6V8O24,0.0
Sr4Ba4Co6Ni2O24,170.627480966
Sr4Ba4Co7Ni1O24,155.694636864
Sr4Ba4Fe1Co7O24,129.607779576
Sr4Ba4Fe1Ni7O24,237.99271494
Sr4Ba4Fe2Ni6O24,223.816699449
Sr4Ba4Mn1Co7O24,126.700822407
Sr4Ba4Mn2Ni6O24,233.810235705
Sr4Ba4Mn4Co4O24,133.95472581
Sr4Ba4Mn6Fe2O24,122.431670219
Sr4Ba4Mn6Ni2O24,177.752167907
Sr4Ba4Mn7Co1O24,144.708712621
Sr4Ba4Mn7Fe1O24,129.342617445
Sr4Ba4Mn7Ni1O24,156.136056722
Sr4Ba4Ni4Co4O24,222.246511037
Sr4Ba4Ni6Co2O24,273.613179324
Sr4Ba4Ni7Co1O24,267.340579878
Sr4Ca4Co4Ni4O24,247.005095074
Sr4Ca4Co6Ni2O24,208.659156871
Sr4Ca4Co7Ni1O24,166.21281277
Sr4Ca4Co8O24,145.310468668
Sr4Ca4Fe1Co7O24,143.517205481
Sr4Ca4Fe1Ni7O24,317.205543003
Sr4Ca4Fe2Co6O24,156.185442293
Sr4Ca4Fe2Ni6O24,298.525792574
Sr4Ca4Fe4Ni4O24,244.717542324
Sr4Ca4Fe6Co2O24,141.96565963
Sr4Ca4Fe6Ni2O24,191.31459627
Sr4Ca4Fe7Co1O24,140.364781485
Sr4Ca4Fe7Ni1O24,163.497124024
Sr4Ca4Mn1Co7O24,130.558998313
Sr4Ca4Mn1Fe7O24,137.369484955
Sr4Ca4Mn1Ni7O24,323.63415062
Sr4Ca4Mn2Co6O24,149.647777957
Sr4Ca4Mn2Fe6O24,135.369316569
Sr4Ca4Mn2Ni6O24,305.414507809
Sr4Ca4Mn4Co4O24,140.265181764
Sr4Ca4Mn4Fe4O24,121.692419186
Sr4Ca4Mn4Ni4O24,240.576558169
Sr4Ca4Mn6Co2O24,141.921101323
Sr4Ca4Mn6Fe2O24,131.977595034
Sr4Ca4Mn7Co1O24,154.641811103
Sr4Ca4Mn7Fe1O24,135.408932958
Sr4Ca4Mn7Ni1O24,159.401405204
Sr4Ca4Mn8O24,136.808520882
Sr4Ca4Ni4Co4O24,250.995845074
Sr4Ca4Ni7Co1O24,329.042834288
Sr4Ca4Ni8O24,335.321293431
Sr4Dy4V8O24,183.475518827
Sr4Ho4V8O24,197.610066577
Sr4La1Mn8Zn3O24,172.040538871
Sr4La1Zn3Co8O24,229.722452072
Sr4La1Zn3Fe8O24,227.914068689
Sr4La4Co8O24,45.2159618105
Sr4La4Cr8O24,4.514301375
Sr4La4Fe8O24,0.0
Sr4La4Mn8O24,39.241275192
Sr4La4Ni8O24,194.268536574
Sr4La4Sc8O24,49.3632299829
Sr4La4Ti8O24,0.0
Sr4La4V8O24,23.6626028272
Sr4Nd4V8O24,87.1299483272
Sr4Pr4Co8O24,64.9749185605
Sr4Pr4Fe8O24,58.5465181079
Sr4Pr4Ga8O24,202.393591514
Sr4Pr4Mn8O24,34.011113942
Sr4Pr4Ni8O24,195.442993324
Sr4Pr4Ti8O24,0.0
Sr4Pr4V8O24,0.531766389704
Sr4Sm4Co8O24,83.917195748
Sr4Sm4V8O24,95.3050435772
Sr4Y4Co8O24,100.47292181
Sr4Y4Cr8O24,93.06800775
Sr4Y4Fe8O24,70.7659236079
Sr4Y4Mn8O24,52.5504455253
Sr4Y4Ni8O24,157.611746574
Sr4Y4Sc8O24,120.865840108
Sr4Y4V8O24,0.0
Sr6Ca2Fe4Co4O24,117.143168942
Sr6Ca2Fe4Ni4O24,216.122194574
Sr6Ca2Fe6Ni2O24,162.41908077
Sr6Ca2Fe7Co1O24,117.140514423
Sr6Ca2Fe7Ni1O24,135.955482743
Sr6Ca2Fe8O24,112.287386278
Sr6Ca2Mn1Fe7O24,110.864717892
Sr6Ca2Mn2Fe6O24,109.297299507
Sr6Ca2Mn4Fe4O24,98.7844184122
Sr6Ca2Mn8O24,113.501498734
Sr6Ca2Ni8O24,298.245707431
Sr6Ca2V8O24,56.511329625
Sr6Dy2V8O24,44.1815882408
Sr6Gd2V8O24,36.3667393658
Sr6Hf2Mn6Zn2O24,142.483392823
Sr6Hf2Zn2Co6O24,190.002071483
Sr6Hf2Zn2Fe6O24,196.095876287
Sr6Hf2Zn2Ni6O24,350.019596699
Sr6Ho2V8O24,46.9172371158
Sr6La2V8O24,27.1330052408
Sr6Mg2V8O24,118.9471195
Sr6Mn6Nb2Zn2O24,125.081234925
Sr6Mn8Zn2O24,153.899276496
Sr6Nb2Zn2Co6O24,166.699388858
Sr6Nd2V8O24,25.2930529908
Sr6Pr2V8O24,4.45796202206
Sr6Ta2Mn6Zn2O24,125.776102144
Sr6Ta2Zn2Co6O24,170.828354358
Sr6Ti2Mn6Zn2O24,137.316409698
Sr6Ti2Zn2Co6O24,195.159839729
Sr6Ti2Zn2Fe6O24,187.709914537
Sr6Ti2Zn2Ni6O24,335.551879324
Sr6Y2V8O24,37.3225941158
Sr6Zn2Co8O24,191.511615135
Sr6Zn2Fe8O24,200.504538216
Sr6Zn2Ni8O24,369.780134181
Sr6Zr2Mn6Zn2O24,125.772960698
Sr6Zr2Zn2Co6O24,190.460889358
Sr6Zr2Zn2Fe6O24,179.995444162
Sr6Zr2Zn2Ni6O24,319.706164574
Sr7Ca1V8O24,37.1426186397
Sr7Dy1V8O24,33.3198729476
Sr7Ho1V8O24,34.8221973851
Sr7La1V8O24,21.5562064476
Sr7Mg1V8O24,71.0907635772
Sr7Nd1V8O24,22.3792303226
Sr7Pr1V8O24,15.1299348382
Sr7Y1V8O24,31.3127508851
Sr7Zn1Ni8O24,321.795002806
Sr8Al1V7O24,38.6328698346
Sr8Al2V6O24,59.7413320147
Sr8Al4V4O24,95.049006375
Sr8Co4Ni4O24,178.939784859
Sr8Co6Ni2O24,134.673116573
Sr8Co7Ni1O24,116.180976537
Sr8Co8O24,91.2669747157
Sr8Fe1Co7O24,88.3272115282
Sr8Fe1Ni7O24,243.428371003
Sr8Fe2Co6O24,90.3169483407
Sr8Fe4Co4O24,93.7481719657
Sr8Fe4Ni4O24,182.613119716
Sr8Fe6Co2O24,88.6858955907
Sr8Fe6Ni2O24,134.35498302
Sr8Fe7Co1O24,87.6081324032
Sr8Fe7Ni1O24,107.783426118
Sr8Hf1V7O24,28.4417281351
Sr8Hf2V6O24,35.2832986158
Sr8Hf4V4O24,35.0459395772
Sr8Mg1V7O24,52.8734187279
Sr8Mg2V6O24,93.8114346912
Sr8Mg4V4O24,140.488835358
Sr8Mn1Co7O24,91.5340043601
Sr8Mn1V7O24,63.5864629799
Sr8Mn2Fe6O24,79.8648318973
Sr8Mn2V6O24,99.8669764304
Sr8Mn4Co4O24,99.6813432933
Sr8Mn4Fe4O24,69.7752945789
Sr8Mn4Ni4O24,187.875800187
Sr8Mn4V4O24,107.860026374
Sr8Mn6Co2O24,97.7903793826
Sr8Mn6Fe2O24,81.5746890313
Sr8Mn6Ni2O24,142.295817585
Sr8Mn7Co1O24,110.139317787
Sr8Mn7Fe1O24,114.272222612
Sr8Mn7Ni1O24,113.869161889
Sr8Mn8O24,90.748756192
Sr8Nb1V7O24,10.4314375689
Sr8Nb2V6O24,0.0
Sr8Nb4V4O24,0.0
Sr8Ni6Co2O24,241.664953145
Sr8Ni7Co1O24,252.767162288
Sr8Ni8O24,263.543371431
Sr8Sc2V6O24,0.0
Sr8Sc4V4O24,0.0
Sr8Ta1V7O24,6.92239663465
Sr8Ta2V6O24,0.0
Sr8Ta4V4O24,0.0
Sr8Ti1V7O24,0.0
Sr8Ti2V6O24,0.0
Sr8Ti4V4O24,0.0
Sr8Ti8O24,8.691789
Sr8V4Cr4O24,95.6649845
Sr8V4Cu4O24,198.665046858
Sr8V4Fe4O24,72.67526425
Sr8V4Ge4O24,98.8464407187
Sr8V4Ir4O24,140.737464875
Sr8V4Mo4O24,341.670362
Sr8V4Ni4O24,161.966268358
Sr8V4Os4O24,94.3179777045
Sr8V4Pd4O24,179.369513621
Sr8V4Pt4O24,182.449930039
Sr8V4Re4O24,35.0703869833
Sr8V4Ru4O24,90.435045
Sr8V4Si4O24,155.909864281
Sr8V4Zn4O24,198.105435858
Sr8V6Cu2O24,165.733078594
Sr8V6Ga2O24,78.4670661792
Sr8V6Ge2O24,61.6998797448
Sr8V6Ir2O24,143.075474781
Sr8V6Mo2O24,192.009283406
Sr8V6Ni2O24,143.739983969
Sr8V6Os2O24,101.020673844
Sr8V6Pd2O24,182.417159594
Sr8V6Pt2O24,178.944559094
Sr8V6Re2O24,38.1360533299
Sr8V6Rh2O24,123.689710284
Sr8V6Ru2O24,97.2556960313
Sr8V6Si2O24,98.2564415885
Sr8V6Sn2O24,66.2624423437
Sr8V6Zn2O24,124.759380625
Sr8V7Co1O24,72.9422615625
Sr8V7Cr1O24,39.7988018658
Sr8V7Fe1O24,50.4471564427
Sr8V7Ga1O24,49.7936119168
Sr8V7Ge1O24,40.6890700892
Sr8V7Ir1O24,105.859697484
Sr8V7Mo1O24,111.369551266
Sr8V7Ni1O24,109.972952484
Sr8V7Os1O24,87.0884028594
Sr8V7Pd1O24,132.019981484
Sr8V7Pt1O24,129.167628484
Sr8V7Re1O24,38.749668158
Sr8V7Rh1O24,95.5308332344
Sr8V7Ru1O24,84.5812328594
Sr8V7Sn1O24,49.5323893594
Sr8V8O24,17.8464076544
Sr8Y1V7O24,64.1409236857
Sr8Y4V4O24,112.1749515
Sr8Zr2V6O24,21.5058664908
Y4Ba4Co4Ni4O24,218.442616263
Y4Ba4Co6Ni2O24,285.34442806
Y4Ba4Co7Ni1O24,259.886083959
Y4Ba4Fe1Co7O24,153.246503495
Y4Ba4Fe1Ni7O24,340.306362957
Y4Ba4Fe2Co6O24,136.293767132
Y4Ba4Fe2Ni6O24,320.529824591
Y4Ba4Mn1Co7O24,244.148911276
Y4Ba4Mn1Ni7O24,349.453381085
Y4Ba4Mn2Fe6O24,950.227905877
Y4Ba4Mn2Ni6O24,337.214376097
Y4Ba4Mn4Co4O24,140.405957382
Y4Ba4Mn6Co2O24,144.0065577
Y4Ba4Mn6Fe2O24,205.092926144
Y4Ba4Mn6Ni2O24,251.196620227
Y4Ba4Mn7Co1O24,152.280199029
Y4Ba4Mn7Fe1O24,212.302508251
Y4Ba4Mn7Ni1O24,231.481855293
Y4Ba4Ni4Co4O24,226.507616263
Y4Ba4Ni7Co1O24,367.183227895
Y4Ca4Co4Ni4O24,280.854292168
Y4Ca4Co6Ni2O24,252.161353966
Y4Ca4Co7Ni1O24,88.6267598644
Y4Ca4Fe1Co7O24,76.4960376187
Y4Ca4Fe2Co6O24,76.9784094743
Y4Ca4Mn1Co7O24,82.3163755428
Y4Ca4Mn1Ni7O24,346.902034252
Y4Ca4Mn2Ni6O24,318.43464993
Y4Ca4Mn4Co4O24,187.885254882
Y4Ca4Mn4Ni4O24,259.086381287
Y4Ca4Mn6Ni2O24,216.454612644
Y4Ca4Mn7Co1O24,192.088746793
Y4Ca4Mn7Fe1O24,188.51316397
Y4Ca4Mn7Ni1O24,197.309000251
Y4Ca4Ni4Co4O24,144.889042168
Y4Ca4Ni6Co2O24,338.955480371
Y4Ca4Ni7Co1O24,353.349574472
Y4Ho4Co8O24,59.2192098
Y4Ho4Cr8O24,28.314724
Y4Ho4Fe8O24,34.01532975
Y4Ho4Mn8O24,55.0886160253
Y4Ho4Ni8O24,86.5192126105
Y4Ho4Sc8O24,46.3580983125
Y4Ho4Ti8O24,52.42546125
Y4Ho4V8O24,0.0
Y4Sr4Co6Ni2O24,123.035360013
Y4Sr4Co7Ni1O24,109.381015912
Y4Sr4Fe1Ni7O24,304.851246145
Y4Sr4Fe2Co6O24,104.459645435
Y4Sr4Fe2Ni6O24,287.755495716
Y4Sr4Mn1Co7O24,88.5969514549
Y4Sr4Mn4Co4O24,77.4665625486
Y4Sr4Mn4Ni4O24,233.383665668
Y4Sr4Mn6Co2O24,158.202912866
Y4Sr4Mn6Fe2O24,143.519281311
Y4Sr4Mn7Co1O24,55.5045541958
Y4Sr4Mn7Fe1O24,150.801863418
Y4Sr4Ni4Co4O24,148.340548216
Y4Sr4Ni6Co2O24,299.112578287
Y4Sr4Ni7Co1O24,210.32978743
Y6Hf2Mn6Zn2O24,91.156936519
Y6Hf2Zn2Fe6O24,137.488659125
Y6Hf2Zn2Ni6O24,187.427676662
Y6Ho2Co8O24,56.3192893526
Y6Ho2Fe8O24,27.119653875
Y6Ho2Ga8O24,76.5032664308
Y6Ho2Sc8O24,37.4352793438
Y6Nb2Zn2Fe6O24,209.8826285
Y6Ta2Mn6Zn2O24,80.9403347273
Y6Ta2Zn2Co6O24,114.36792625
Y6Ta2Zn2Ni6O24,156.941240858
Y6Ti2Mn6Zn2O24,74.5855168107
Y6Ti2Zn2Co6O24,103.964993921
Y6Ti2Zn2Fe6O24,70.6664565
Y6Ti2Zn2Ni6O24,174.631224037
Y6Zn2Co8O24,119.298373532
Y6Zn2Fe8O24,93.3858524289
Y6Zn2Ni8O24,228.914530895
Y6Zr2Mn6Zn2O24,83.809256644
Y6Zr2Zn2Ni6O24,187.51962462
Y7Zn1Co8O24,84.4124962184
Y7Zn1Fe8O24,54.9497902145
Y7Zn1Ni8O24,185.728826305
Y8Co2Ni6O24,53.3006835131
Y8Co4Ni4O24,17.7019953105
Y8Co6Ni2O24,61.5578071079
Y8Co7Ni1O24,51.9157130065
Y8Co8O24,48.7758689052
Y8Cr1Co7O24,73.2347672296
Y8Cr1Fe7O24,17.2121126875
Y8Cr1Ga7O24,62.3324679375
Y8Cr1Ni7O24,67.6609259387
Y8Cr2Co6O24,62.4481655539
Y8Cr2Ga6O24,55.140801875
Y8Cr2Ni6O24,71.7619801618
Y8Cr4Co4O24,34.2214622026
Y8Cr4Fe4O24,7.99376675
Y8Cr4Ga4O24,40.70021975
Y8Cr4Ni4O24,37.6093386079
Y8Cr6Co2O24,28.6637588513
Y8Cr6Fe2O24,11.017786125
Y8Cr6Ni2O24,37.3769470539
Y8Cr7Fe1O24,12.4011708125
Y8Cr7Ni1O24,28.407001277
Y8Cr8O24,14.2008055
Y8Fe1Co7O24,160.334632542
Y8Fe2Ni6O24,105.624925662
Y8Fe4Co4O24,28.3696734526
Y8Fe4Ni4O24,36.2234796079
Y8Fe6Co2O24,29.9034507263
Y8Fe7Co1O24,27.7992143632
Y8Fe7Ni1O24,37.4680233395
Y8Fe8O24,20.138728
Y8Ga4Fe4O24,36.096681
Y8Ga4Ni4O24,121.693502858
Y8Ga6Co2O24,69.8177552263
Y8Ga6Fe2O24,52.2740325
Y8Ga6Ni2O24,97.2311934289
Y8Ga7Co1O24,68.9710696132
Y8Ga8O24,69.473884
Y8Mg1Co7O24,0.0
Y8Mg1Cr7O24,0.0
Y8Mg1Fe7O24,0.0
Y8Mg1Ga7O24,91.6707429645
Y8Mg1Mn7O24,0.0
Y8Mg1Ni7O24,0.0
Y8Mg1Sc7O24,59.0626222926
Y8Mg1Ti7O24,27.90730325
Y8Mg1V7O24,0.0
Y8Mg2Cr6O24,0.0
Y8Mg2Fe6O24,0.0
Y8Mg2Ga6O24,116.752351929
Y8Mg2Mn6O24,0.0
Y8Mg2Sc6O24,94.0057842102
Y8Mg2Ti6O24,19.9708105
Y8Mg2V6O24,0.0
Y8Mg4Co4O24,0.0
Y8Mg4Cr4O24,0.0
Y8Mg4Fe4O24,0.0
Y8Mg4Ga4O24,166.797819858
Y8Mg4Mn4O24,0.0
Y8Mg4Ni4O24,0.0
Y8Mg4Sc4O24,160.395108045
Y8Mg4Ti4O24,5.974325
Y8Mg4V4O24,0.0
Y8Mn1Co7O24,74.3588962714
Y8Mn1Cr7O24,23.5812529198
Y8Mn1Ga7O24,70.4541653573
Y8Mn1Ni7O24,90.1656399358
Y8Mn1V7O24,36.5545469302
Y8Mn2Co6O24,39.7951736375
Y8Mn2Cr6O24,32.3684503397
Y8Mn2Fe6O24,33.7558922147
Y8Mn2Ga6O24,70.5986967147
Y8Mn2Ni6O24,31.5229081559
Y8Mn2V6O24,33.5261903605
Y8Mn4Cr4O24,46.0103451793
Y8Mn4Ga4O24,65.5202594293
Y8Mn4Ni4O24,0.0
Y8Mn4V4O24,19.410199346
Y8Mn6Cr2O24,43.945490019
Y8Mn6Fe2O24,39.127470644
Y8Mn7Cr1O24,40.8206874388
Y8Mn7Ni1O24,56.665649793
Y8Mn8O24,38.8036348587
Y8Ni8O24,87.8388717157
Y8Sc4Co4O24,57.8409146401
Y8Sc4Cr4O24,24.5125079375
Y8Sc4Mn4O24,46.7667976168
Y8Sc4Ni4O24,120.061041045
Y8Sc6Co2O24,45.9371875076
Y8Sc6Cr2O24,29.2307341562
Y8Sc6Fe2O24,25.9562147812
Y8Sc6Mn2O24,42.6966289959
Y8Sc6Ni2O24,80.1561257102
Y8Sc7Cr1O24,29.3690972656
Y8Sc7Fe1O24,27.1567125781
Y8Sc7Mn1O24,36.6110446855
Y8Sc7Ni1O24,54.0260430426
Y8Sc8O24,28.416710375
Y8Ti4Cr4O24,54.3341091667
Y8Ti4Fe4O24,13.4709235
Y8Ti4Mn4O24,25.115635096
Y8Ti4Ni4O24,21.912008
Y8Ti6Cr2O24,92.808241625
Y8Ti6Fe2O24,99.023686125
Y8Ti6Ni2O24,173.113038125
Y8Ti7Co1O24,89.71351025
Y8Ti7Cr1O24,78.06700275
Y8Ti7Fe1O24,77.68295
Y8Ti7Mn1O24,65.7797960302
Y8Ti7Ni1O24,121.777150396
Y8Ti8O24,38.754046
Y8V4Co4O24,289.029515
Y8V4Cr4O24,0.0
Y8V4Fe4O24,0.0
Y8V4Ni4O24,23.809066
Y8V6Co2O24,8.6688716875
Y8V6Cr2O24,0.0
Y8V6Ni2O24,47.2079029375
Y8V7Co1O24,1.58851259375
Y8V7Fe1O24,0.0
Y8V7Ni1O24,0.0
Y8V8O24,0.0
